,assist_percentage,away_losses,block_percentage,conference_losses,effective_field_goal_percentage,field_goal_percentage,free_throw_attempt_rate,free_throw_attempts,free_throw_percentage,free_throws_per_field_goal_attempt,home_losses,net_rating,offensive_rating,offensive_rebound_percentage,opp_assist_percentage,opp_block_percentage,opp_effective_field_goal_percentage,opp_field_goal_percentage,opp_free_throw_attempt_rate,opp_free_throw_percentage,opp_free_throws_per_field_goal_attempt,opp_offensive_rating,opp_offensive_rebound_percentage,opp_points,opp_steal_percentage,opp_three_point_attempt_rate,opp_three_point_field_goal_percentage,opp_total_rebound_percentage,opp_true_shooting_percentage,opp_turnover_percentage,opp_two_point_field_goal_percentage,pace,points,simple_rating_system,steal_percentage,strength_of_schedule,three_point_attempt_rate,three_point_field_goal_percentage,total_rebound_percentage,true_shooting_percentage,turnover_percentage,two_point_field_goal_percentage,win_percentage,major,abb,abbreviation,assists,away_wins,blocks,conference,conference_wins,defensive_rebounds,field_goal_attempts,field_goals,free_throws,games_played,home_wins,losses,minutes_played,name,offensive_rebounds,opp_assists,opp_blocks,opp_defensive_rebounds,opp_field_goal_attempts,opp_field_goals,opp_free_throw_attempts,opp_free_throws,opp_offensive_rebounds,opp_personal_fouls,opp_steals,opp_three_point_field_goal_attempts,opp_three_point_field_goals,opp_total_rebounds,opp_turnovers,opp_two_point_field_goal_attempts,opp_two_point_field_goals,personal_fouls,steals,three_point_field_goal_attempts,three_point_field_goals,total_rebounds,turnovers,two_point_field_goal_attempts,two_point_field_goals,wins,cluster,math_cluster,k_vs_math_match
0,58.9,8,5.0,12,0.53,0.45299999999999996,0.36700000000000005,588,0.73,0.268,7,-1.4,105.7,22.7,53.4,8.5,0.5479999999999999,0.46,0.294,0.706,0.20800000000000002,107.1,22.4,2156,9.0,0.478,0.368,49.9,0.5720000000000001,15.0,0.545,69.4,2127,-0.74,7.1,2.34,0.413,0.375,50.1,0.5660000000000001,16.1,0.508,0.379,1,AIR-FORCE,AIR-FORCE,427,3,43,mwc,5,739,1601,725,429,29,8,18,1160,Air Force,218,406,80,742,1653,761,486,343,213,553,182,790,291,955,332,863,470,487,142,662,248,957,361,939,477,11,2,2,True
1,51.9,7,10.8,8,0.527,0.441,0.35,627,0.6920000000000001,0.242,4,5.3,106.4,29.7,43.1,12.5,0.47200000000000003,0.42,0.35700000000000004,0.742,0.265,101.1,30.4,2207,10.9,0.34700000000000003,0.303,50.0,0.517,15.5,0.48200000000000004,76.6,2323,12.32,8.2,8.17,0.48700000000000004,0.354,50.0,0.556,16.7,0.523,0.536,2,ALABAMA,ALABAMA,410,4,129,sec,7,791,1792,790,434,28,9,13,1140,Alabama,325,330,115,771,1825,766,651,483,346,557,239,634,192,1117,392,1191,574,560,179,872,309,1116,420,920,481,15,2,2,True
2,41.2,4,9.5,5,0.493,0.434,0.32299999999999995,551,0.688,0.222,2,5.5,100.2,26.5,50.7,9.6,0.488,0.426,0.341,0.67,0.228,94.7,27.9,1949,8.8,0.38,0.32799999999999996,51.1,0.518,19.5,0.486,73.5,2061,11.85,10.6,7.85,0.36,0.32899999999999996,48.9,0.524,15.9,0.493,0.679,2,ARIZONA-STATE,ARIZONA-STATE,305,6,95,pac-12,10,730,1706,740,379,28,12,9,1120,Arizona State,278,349,105,770,1618,689,551,369,283,516,182,615,202,1053,455,1003,487,516,219,614,202,1008,373,1092,538,19,3,4,False
3,56.9,5,10.7,6,0.51,0.45,0.371,619,0.735,0.273,3,17.1,109.1,30.8,52.7,7.8,0.45799999999999996,0.397,0.336,0.711,0.239,92.0,25.7,1820,6.4,0.381,0.32,47.2,0.498,18.2,0.445,70.0,2158,20.27,9.6,8.2,0.34600000000000003,0.348,52.8,0.55,14.1,0.504,0.679,2,ARIZONA,ARIZONA,427,4,104,pac-12,9,748,1668,751,455,28,12,9,1130,Arizona,303,330,85,682,1576,626,529,376,259,541,126,600,192,941,407,976,434,509,190,577,201,1051,322,1091,550,19,4,4,True
4,46.0,6,9.7,9,0.501,0.439,0.40399999999999997,648,0.731,0.295,4,9.6,102.9,21.7,42.5,8.9,0.462,0.42100000000000004,0.409,0.703,0.28800000000000003,93.3,30.8,1889,7.0,0.326,0.254,54.7,0.508,19.9,0.502,71.1,2083,14.08,11.5,7.15,0.38799999999999996,0.32299999999999995,45.3,0.544,14.7,0.512,0.643,2,ARKANSAS,ARKANSAS,324,4,102,sec,6,674,1605,704,474,28,13,10,1140,Arkansas,213,279,87,770,1558,656,637,448,300,590,141,508,129,1070,461,1050,527,553,233,623,201,887,329,982,503,18,3,3,True
5,48.8,4,13.0,4,0.498,0.433,0.449,759,0.672,0.302,0,11.1,108.2,35.6,45.3,9.3,0.47200000000000003,0.413,0.325,0.711,0.231,97.1,27.7,1968,9.2,0.365,0.326,46.3,0.509,16.7,0.462,70.5,2193,14.92,8.9,6.88,0.431,0.301,53.7,0.534,15.0,0.5329999999999999,0.857,2,AUBURN,AUBURN,357,4,138,sec,11,766,1691,732,510,28,16,4,1150,Auburn,387,313,90,701,1675,691,544,387,294,599,186,611,199,995,388,1064,492,529,181,728,219,1153,361,963,513,24,2,4,False
6,55.1,0,12.8,1,0.498,0.43200000000000005,0.305,486,0.698,0.213,1,19.0,107.1,35.9,51.9,13.3,0.442,0.389,0.287,0.6859999999999999,0.19699999999999998,88.1,29.0,1585,8.4,0.349,0.305,46.9,0.475,19.5,0.434,66.6,1927,21.14,11.9,8.48,0.375,0.355,53.1,0.528,14.9,0.478,0.9259999999999999,2,BAYLOR,BAYLOR,379,8,122,big-12,14,662,1593,688,339,27,13,2,1080,Baylor,346,296,132,619,1467,570,421,289,271,491,152,512,156,890,405,955,414,445,214,597,212,1008,320,996,476,25,4,4,True
7,50.3,8,4.0,7,0.526,0.452,0.35700000000000004,622,0.7490000000000001,0.268,2,9.9,106.6,25.2,44.6,7.3,0.506,0.45,0.289,0.7190000000000001,0.20800000000000002,96.7,21.4,2081,8.3,0.379,0.29100000000000004,48.6,0.536,17.8,0.5479999999999999,70.3,2295,8.52,8.2,3.79,0.425,0.348,51.4,0.564,15.6,0.528,0.633,1,BOISE-STATE,BOISE-STATE,395,4,42,mwc,11,778,1740,786,466,30,13,11,1225,Boise State,258,343,73,766,1707,769,494,355,212,599,179,647,188,978,420,1060,581,511,176,739,257,1036,376,1001,529,19,2,1,False
8,53.4,7,7.3,11,0.465,0.406,0.292,487,0.665,0.19399999999999998,9,-6.9,93.0,25.4,52.7,9.1,0.506,0.44299999999999995,0.298,0.7120000000000001,0.212,99.9,30.5,2016,9.4,0.37200000000000005,0.33799999999999997,53.4,0.536,18.9,0.505,69.3,1876,2.35,11.6,7.18,0.39,0.301,46.6,0.493,16.9,0.473,0.44799999999999995,2,BOSTON-COLLEGE,BOSTON-COLLEGE,362,4,76,acc,7,681,1670,678,324,29,8,16,1165,Boston College,271,385,93,794,1647,730,490,349,299,490,190,612,207,1093,437,1035,523,451,234,652,196,952,388,1018,482,13,1,2,False
9,58.7,5,5.5,3,0.5920000000000001,0.503,0.24,429,0.706,0.17,1,16.2,113.7,20.4,45.6,6.8,0.494,0.442,0.282,0.696,0.196,97.5,23.7,2073,8.7,0.33399999999999996,0.311,50.5,0.522,16.4,0.508,70.0,2417,17.13,8.2,6.48,0.42200000000000004,0.42200000000000004,49.5,0.607,14.2,0.561,0.767,1,BRIGHAM-YOUNG,BRIGHAM-YOUNG,527,5,64,wcc,12,794,1786,898,303,30,14,7,1215,Brigham Young,195,353,70,760,1751,774,493,343,247,474,186,585,182,1007,390,1166,592,484,175,753,318,989,329,1033,580,23,4,4,True
10,51.3,6,7.8,8,0.522,0.46,0.301,456,0.73,0.22,3,8.7,105.4,28.9,53.8,9.2,0.46299999999999997,0.397,0.318,0.727,0.231,96.7,24.9,1758,8.6,0.389,0.337,46.7,0.502,15.5,0.435,64.6,1916,14.79,7.8,9.15,0.365,0.33799999999999997,53.3,0.5529999999999999,15.4,0.53,0.679,1,BUTLER,BUTLER,358,4,73,big-east,7,717,1517,698,333,28,12,9,1125,Butler,248,325,89,609,1521,604,483,351,238,468,157,591,199,847,322,930,405,471,142,553,187,965,316,964,511,19,4,3,False
11,41.1,8,6.7,9,0.47200000000000003,0.423,0.355,521,0.726,0.258,5,-8.3,94.6,24.5,51.5,9.5,0.49200000000000005,0.425,0.371,0.735,0.272,102.9,26.7,1916,7.3,0.389,0.349,50.7,0.534,15.5,0.473,65.9,1762,3.26,6.0,8.76,0.284,0.34600000000000003,49.3,0.514,17.4,0.45299999999999996,0.429,2,CALIFORNIA,CALIFORNIA,255,1,62,pac-12,6,689,1467,620,378,28,11,16,1130,University of California,222,333,100,684,1524,647,565,415,251,501,136,593,207,935,329,931,440,528,112,416,144,911,361,1051,476,12,1,1,True
12,53.4,6,8.1,10,0.486,0.42700000000000005,0.305,478,0.7070000000000001,0.21600000000000003,6,0.4,98.6,29.0,58.9,7.7,0.47700000000000004,0.419,0.293,0.741,0.217,98.2,30.8,1852,9.8,0.368,0.318,50.8,0.514,17.6,0.47700000000000004,69.2,1858,4.28,9.2,4.06,0.374,0.311,49.2,0.518,17.2,0.49700000000000005,0.519,1,CENTRAL-FLORIDA,CENTRAL-FLORIDA,357,4,81,aac,5,673,1565,669,338,27,8,13,1090,Central Florida,279,390,75,682,1581,662,463,343,299,488,185,582,185,981,385,999,477,450,174,585,182,952,371,980,487,14,3,3,True
13,58.3,5,12.5,4,0.504,0.446,0.387,605,0.6759999999999999,0.262,2,8.6,102.1,32.0,49.9,10.5,0.456,0.4,0.295,0.7340000000000001,0.21600000000000003,93.5,27.3,1816,9.5,0.34700000000000003,0.326,46.9,0.495,17.2,0.439,69.4,1984,12.66,9.3,6.44,0.361,0.317,53.1,0.536,17.6,0.519,0.667,1,CINCINNATI,CINCINNATI,407,4,131,aac,11,734,1564,698,409,27,12,9,1120,Cincinnati,300,321,105,637,1609,643,474,348,276,519,184,558,182,913,382,1051,461,487,180,564,179,1034,395,1000,519,18,3,4,False
14,55.8,7,7.9,9,0.505,0.431,0.28600000000000003,428,0.6779999999999999,0.19399999999999998,5,4.6,99.0,23.6,52.7,8.2,0.474,0.405,0.28300000000000003,0.716,0.203,94.4,24.9,1720,9.7,0.436,0.318,50.5,0.507,17.4,0.47200000000000003,66.5,1803,10.58,10.1,7.5,0.46399999999999997,0.321,49.5,0.53,16.7,0.526,0.519,2,CLEMSON,CLEMSON,360,3,67,acc,8,701,1497,645,290,27,10,13,1095,Clemson,218,319,66,705,1494,605,423,303,232,431,177,651,207,937,357,843,398,414,184,694,223,919,341,803,422,14,3,2,False
15,58.2,6,5.7,7,0.54,0.469,0.392,658,0.6729999999999999,0.264,4,4.8,106.1,26.0,50.0,7.7,0.513,0.441,0.23,0.73,0.168,101.3,24.2,2153,8.9,0.42200000000000004,0.33899999999999997,48.4,0.5379999999999999,16.2,0.516,69.7,2256,7.11,9.3,4.42,0.39,0.36200000000000004,51.6,0.5670000000000001,16.5,0.5379999999999999,0.633,1,COLORADO-STATE,COLORADO-STATE,458,5,59,mwc,10,804,1678,787,443,30,11,11,1220,Colorado State,262,398,79,744,1803,796,415,303,256,577,189,761,258,1000,386,1042,538,452,197,655,237,1066,394,1023,550,19,2,3,False
16,56.4,5,7.9,6,0.51,0.44,0.37,591,0.736,0.273,3,11.8,104.3,31.0,45.9,8.9,0.46299999999999997,0.408,0.256,0.7070000000000001,0.18100000000000002,92.5,23.8,1829,10.7,0.32,0.34,45.6,0.493,17.1,0.44,67.9,2064,16.38,8.3,8.28,0.387,0.364,54.4,0.55,17.0,0.488,0.7240000000000001,2,COLORADO,COLORADO,396,4,89,pac-12,10,783,1596,702,435,29,13,8,1165,Colorado,297,310,87,662,1653,675,423,299,245,549,211,529,180,907,382,1124,495,423,164,618,225,1080,385,978,477,21,4,4,True
17,51.3,7,15.5,8,0.475,0.41700000000000004,0.33,558,0.735,0.242,3,7.4,100.7,33.4,50.7,10.5,0.46399999999999997,0.414,0.35,0.7340000000000001,0.257,93.3,28.9,1868,10.1,0.299,0.33299999999999996,48.3,0.508,19.5,0.44799999999999995,69.0,2017,10.62,10.0,5.3,0.355,0.32799999999999996,51.7,0.515,17.0,0.466,0.5710000000000001,1,CONNECTICUT,CONNECTICUT,362,1,171,aac,7,710,1692,705,410,28,13,12,1160,Connecticut,352,331,115,702,1578,653,552,405,289,529,202,472,157,991,445,1106,496,520,201,601,197,1062,402,1091,508,16,3,2,False
18,56.7,4,6.2,4,0.552,0.47100000000000003,0.298,493,0.738,0.22,1,12.8,110.7,23.4,49.9,9.5,0.473,0.41600000000000004,0.226,0.713,0.161,97.9,29.3,1935,6.8,0.385,0.301,51.3,0.5,15.4,0.48700000000000004,70.3,2189,17.43,9.5,9.39,0.42,0.385,48.7,0.58,14.3,0.534,0.7859999999999999,1,CREIGHTON,CREIGHTON,442,6,67,big-east,11,761,1653,779,364,28,15,6,1125,Creighton,220,362,91,719,1747,726,394,281,315,464,135,672,202,1034,353,1075,524,428,187,694,267,981,314,959,512,22,4,4,True
19,56.1,7,7.8,6,0.535,0.45299999999999996,0.309,468,0.7609999999999999,0.235,1,9.8,108.5,25.2,49.9,9.4,0.48,0.42100000000000004,0.33,0.71,0.23399999999999999,98.7,24.4,1798,7.7,0.369,0.324,48.9,0.516,15.1,0.47700000000000004,65.7,1977,9.42,8.3,2.79,0.447,0.36700000000000005,51.1,0.569,14.8,0.521,0.556,1,DAVIDSON,DAVIDSON,385,4,74,atlantic-10,9,700,1516,686,356,27,10,12,1110,Davidson,222,316,79,658,1505,633,496,352,226,458,141,555,180,884,310,950,453,442,152,678,249,922,303,838,437,15,4,2,False
20,60.3,0,9.0,0,0.591,0.52,0.342,536,0.722,0.247,0,21.3,115.5,26.6,47.0,8.1,0.467,0.414,0.306,0.653,0.2,94.2,27.4,1825,8.0,0.324,0.32799999999999996,48.0,0.495,16.7,0.455,68.3,2238,18.46,8.6,3.71,0.392,0.364,52.0,0.615,16.1,0.621,0.929,1,DAYTON,DAYTON,491,8,98,atlantic-10,15,752,1565,814,387,28,15,2,1135,Dayton,223,313,77,615,1609,666,493,322,284,506,155,522,171,899,370,1087,495,475,166,613,223,975,350,952,591,26,4,4,True
21,53.1,7,15.7,13,0.496,0.447,0.33399999999999996,560,0.6409999999999999,0.214,7,2.0,99.4,31.0,58.8,9.0,0.484,0.413,0.363,0.736,0.268,97.4,29.3,1986,10.7,0.42,0.341,49.3,0.527,19.6,0.465,72.1,2025,8.57,11.7,8.2,0.304,0.325,50.7,0.521,17.6,0.5,0.5,1,DEPAUL,DEPAUL,398,4,146,big-east,2,726,1678,750,359,28,10,14,1130,DePaul,325,390,105,722,1607,663,584,430,301,507,219,675,230,1023,460,932,433,542,238,510,166,1051,414,1168,584,14,3,2,False
22,52.2,3,13.5,4,0.531,0.475,0.348,621,0.7070000000000001,0.24600000000000002,2,20.2,111.5,34.7,47.6,8.5,0.45799999999999996,0.41700000000000004,0.313,0.67,0.21,91.3,27.6,1910,9.9,0.27,0.301,46.1,0.49,18.0,0.46,73.4,2331,22.83,11.3,7.79,0.316,0.35100000000000003,53.9,0.561,15.3,0.5329999999999999,0.821,2,DUKE,DUKE,442,7,167,acc,13,772,1782,847,439,28,13,5,1140,Duke,356,337,104,670,1698,708,531,356,294,530,208,458,138,964,429,1240,570,506,236,564,198,1128,375,1218,649,23,4,4,True
23,57.0,3,15.5,6,0.51,0.442,0.31,478,0.73,0.226,3,8.6,104.4,29.3,52.4,8.9,0.475,0.418,0.289,0.662,0.191,95.8,29.5,1765,9.0,0.37,0.305,49.7,0.502,17.2,0.485,67.6,1923,6.97,10.0,1.12,0.431,0.315,50.3,0.5429999999999999,15.9,0.5379999999999999,0.7040000000000001,1,DUQUESNE,DUQUESNE,389,5,151,atlantic-10,9,670,1544,682,349,27,9,8,1090,Duquesne,268,339,78,647,1547,647,447,296,280,463,165,573,175,927,366,974,472,409,185,666,210,938,336,878,472,19,3,4,False
24,57.6,10,9.6,11,0.467,0.42,0.369,610,0.725,0.268,6,-3.6,95.9,27.4,55.4,8.4,0.494,0.424,0.402,0.6579999999999999,0.264,99.5,26.0,2060,9.7,0.42200000000000004,0.32899999999999996,49.3,0.526,16.6,0.493,70.8,1986,-1.07,9.5,1.48,0.33399999999999996,0.28300000000000003,50.7,0.511,17.0,0.489,0.379,1,EAST-CAROLINA,EAST-CAROLINA,400,1,91,aac,5,758,1652,694,442,29,9,18,1170,East Carolina,280,387,92,741,1646,698,661,435,267,551,200,695,229,1008,391,951,469,603,197,551,156,1038,397,1101,538,11,1,1,True
25,49.1,4,16.4,3,0.521,0.45799999999999996,0.301,500,0.76,0.22899999999999998,0,14.3,107.6,33.7,44.1,7.5,0.467,0.405,0.34700000000000003,0.742,0.257,93.3,30.5,1834,7.7,0.391,0.319,48.2,0.511,20.8,0.45899999999999996,69.5,2114,17.54,12.7,7.54,0.355,0.359,51.8,0.556,16.5,0.512,0.857,2,FLORIDA-STATE,FLORIDA-STATE,374,6,154,acc,14,669,1663,761,380,28,15,4,1130,Florida State,317,275,80,625,1540,623,534,396,293,484,152,602,192,918,470,938,431,486,249,590,212,986,375,1073,549,24,4,4,True
26,45.7,6,11.4,5,0.519,0.455,0.345,544,0.726,0.25,3,9.2,107.2,31.1,48.1,6.7,0.474,0.41600000000000004,0.34600000000000003,0.733,0.254,98.0,27.0,1859,8.4,0.364,0.316,47.4,0.516,16.9,0.473,67.1,2032,14.93,8.7,8.75,0.369,0.345,52.6,0.5529999999999999,15.5,0.52,0.643,2,FLORIDA,FLORIDA,328,3,112,sec,10,710,1578,718,395,28,11,10,1130,Florida,287,310,67,637,1548,644,536,393,263,511,160,563,178,900,366,985,466,484,165,583,201,997,337,995,517,18,4,3,False
27,56.5,7,9.1,14,0.446,0.379,0.272,396,0.634,0.172,11,-6.8,87.5,21.8,61.8,8.1,0.475,0.40399999999999997,0.318,0.6859999999999999,0.218,94.3,27.5,1671,10.4,0.461,0.308,53.5,0.508,18.6,0.486,64.7,1551,-4.21,10.8,0.23,0.425,0.316,46.5,0.47100000000000003,17.1,0.425,0.259,1,FORDHAM,FORDHAM,312,0,70,atlantic-10,1,668,1458,552,251,27,6,20,1095,Fordham,213,357,68,762,1430,578,455,312,253,431,184,659,203,1015,377,771,375,464,192,620,196,881,340,838,356,7,1,2,False
28,51.7,10,11.0,11,0.5,0.419,0.303,486,0.7,0.212,7,0.4,103.9,31.2,51.6,8.2,0.489,0.41600000000000004,0.293,0.755,0.221,103.5,26.9,1936,8.5,0.40700000000000003,0.358,48.0,0.526,13.8,0.456,65.3,1942,2.26,7.6,3.7,0.485,0.335,52.0,0.529,16.3,0.498,0.35700000000000004,1,FRESNO-STATE,FRESNO-STATE,347,4,105,mwc,6,729,1603,671,340,28,6,18,1145,Fresno State,316,347,68,698,1615,672,473,357,268,471,159,657,235,966,295,958,437,460,142,777,260,1045,356,826,411,10,1,1,True
29,45.3,7,13.0,11,0.47100000000000003,0.419,0.332,528,0.703,0.233,6,-0.9,98.9,32.9,49.9,9.6,0.491,0.431,0.292,0.679,0.198,99.8,28.8,1887,9.6,0.381,0.312,48.2,0.518,16.6,0.505,67.2,1871,1.1,9.0,1.67,0.342,0.305,51.8,0.508,16.9,0.479,0.536,1,GEORGE-MASON,GEORGE-MASON,302,2,129,atlantic-10,4,706,1591,667,371,28,10,13,1125,George Mason,333,344,101,680,1600,690,467,317,285,507,181,609,190,965,362,991,500,465,171,544,166,1039,375,1047,501,15,1,2,False
30,52.1,7,10.6,9,0.496,0.42700000000000005,0.33399999999999996,511,0.708,0.237,8,-4.0,98.7,23.7,44.3,11.6,0.49200000000000005,0.445,0.309,0.682,0.21100000000000002,102.7,27.9,1957,10.1,0.299,0.315,51.6,0.521,13.9,0.501,66.8,1880,-2.39,7.9,0.36,0.42,0.327,48.4,0.53,16.8,0.5,0.429,1,GEORGE-WASHINGTON,GEORGE-WASHINGTON,341,3,122,atlantic-10,6,712,1530,654,362,28,7,16,1140,George Washington,226,323,103,726,1637,729,506,345,275,490,193,489,154,1001,302,1148,575,463,150,642,210,938,358,888,444,12,1,2,False
31,56.5,6,11.5,10,0.491,0.44,0.354,596,0.777,0.275,6,2.8,105.5,32.7,58.6,7.5,0.505,0.431,0.27,0.727,0.196,102.7,28.3,2062,10.4,0.413,0.358,47.5,0.534,16.3,0.483,71.7,2119,11.05,8.7,9.01,0.29600000000000004,0.349,52.5,0.5379999999999999,15.9,0.478,0.536,1,GEORGETOWN,GEORGETOWN,419,4,115,big-east,5,749,1685,741,463,28,10,13,1120,Georgetown,332,432,89,682,1710,737,461,335,296,537,209,707,253,978,375,1003,484,452,174,499,174,1081,372,1186,567,15,2,3,False
32,54.4,7,11.5,9,0.5,0.45399999999999996,0.33899999999999997,532,0.667,0.226,6,2.1,96.3,28.5,53.3,9.2,0.45299999999999996,0.406,0.35600000000000004,0.711,0.253,94.2,28.3,1883,10.6,0.32799999999999996,0.289,48.8,0.496,16.8,0.462,70.8,1925,9.92,9.6,9.4,0.301,0.309,51.2,0.528,19.7,0.516,0.5,2,GEORGIA-TECH,GEORGIA-TECH,387,5,126,acc,8,733,1570,712,355,28,8,14,1130,Georgia Tech,264,351,101,661,1625,659,578,411,290,507,212,533,154,951,383,1092,505,536,192,473,146,997,447,1097,566,14,3,2,False
33,49.9,8,8.4,11,0.505,0.447,0.341,581,0.7020000000000001,0.239,4,1.2,103.3,32.7,46.4,9.2,0.504,0.449,0.303,0.652,0.198,102.1,30.4,2104,9.0,0.34600000000000003,0.32,48.6,0.527,16.0,0.518,72.3,2130,8.08,10.1,7.23,0.38799999999999996,0.3,51.4,0.5379999999999999,17.6,0.541,0.5,2,GEORGIA,GEORGIA,380,3,96,sec,4,734,1704,762,408,28,11,14,1140,Georgia,336,363,96,693,1744,783,529,345,320,506,185,604,193,1013,380,1140,590,530,209,661,198,1070,422,1043,564,14,2,1,False
34,53.9,1,9.7,1,0.575,0.513,0.387,721,0.684,0.265,0,27.9,119.7,33.6,44.4,7.1,0.47100000000000003,0.41700000000000004,0.212,0.684,0.145,91.8,23.0,2020,8.5,0.33799999999999997,0.318,43.6,0.493,16.8,0.467,73.0,2634,22.88,10.5,2.42,0.32,0.387,56.4,0.597,13.4,0.5720000000000001,0.9329999999999999,1,GONZAGA,GONZAGA,515,10,119,wcc,14,876,1863,955,493,30,16,2,1205,Gonzaga,344,344,90,680,1859,775,395,270,262,579,187,629,200,942,414,1230,575,439,232,597,231,1220,340,1266,724,28,4,4,True
35,51.7,5,15.0,4,0.489,0.43,0.33899999999999997,564,0.73,0.248,2,16.0,108.5,38.4,54.8,5.6,0.43700000000000006,0.381,0.401,0.685,0.275,92.5,25.4,1737,7.7,0.39299999999999996,0.29,43.4,0.483,15.8,0.439,66.8,2038,16.36,7.4,5.61,0.34700000000000003,0.34,56.6,0.527,14.9,0.47700000000000004,0.75,1,HOUSTON,HOUSTON,370,6,138,aac,11,767,1664,715,412,28,12,7,1125,Houston,390,315,61,625,1511,575,606,415,261,537,144,594,172,886,338,917,403,548,139,577,196,1157,338,1087,519,21,4,3,False
36,50.7,5,7.0,6,0.489,0.441,0.33399999999999996,556,0.728,0.244,3,11.5,106.3,36.6,45.2,7.9,0.46799999999999997,0.414,0.22399999999999998,0.698,0.156,94.8,24.6,1811,8.7,0.33299999999999996,0.326,43.8,0.494,15.1,0.45799999999999996,67.9,2031,15.28,7.0,9.06,0.305,0.311,56.2,0.527,15.3,0.499,0.679,2,ILLINOIS,ILLINOIS,372,6,77,big-ten,11,767,1663,734,405,28,13,9,1125,Illinois,365,310,91,632,1657,686,371,259,250,527,166,552,180,882,327,1105,506,440,134,508,158,1132,349,1155,576,19,4,3,False
37,50.6,7,12.7,9,0.491,0.444,0.414,655,0.682,0.282,3,6.5,103.5,33.0,52.3,8.5,0.483,0.42100000000000004,0.331,0.6829999999999999,0.226,97.0,24.9,1877,9.1,0.39299999999999996,0.319,45.9,0.515,16.2,0.486,68.8,2003,14.65,8.2,10.15,0.298,0.318,54.1,0.529,16.2,0.498,0.643,2,INDIANA,INDIANA,356,2,121,big-ten,8,731,1583,703,447,28,14,10,1125,Indiana,320,346,94,649,1574,662,521,356,243,541,177,618,197,892,353,956,465,488,158,472,150,1051,366,1111,553,18,2,2,True
38,54.9,9,11.8,10,0.502,0.441,0.282,475,0.737,0.20800000000000002,5,0.2,102.6,28.7,48.7,7.9,0.515,0.447,0.26899999999999996,0.6779999999999999,0.182,102.4,31.9,2034,10.2,0.376,0.365,51.4,0.5379999999999999,18.0,0.496,70.6,2038,10.0,10.7,9.86,0.375,0.32299999999999995,48.6,0.534,15.9,0.512,0.429,2,IOWA-STATE,IOWA-STATE,407,0,123,big-12,5,683,1682,742,350,28,11,16,1125,Iowa State,283,365,83,702,1677,749,451,306,320,456,203,631,230,1022,416,1046,519,437,212,631,204,966,362,1051,538,12,1,1,True
39,62.7,6,10.1,7,0.518,0.45299999999999996,0.348,589,0.7390000000000001,0.257,1,8.6,110.4,32.2,57.8,9.8,0.49700000000000005,0.433,0.27,0.725,0.196,101.8,28.6,2018,8.7,0.39799999999999996,0.322,48.2,0.527,15.6,0.505,70.8,2189,16.38,9.1,10.27,0.376,0.345,51.8,0.555,14.7,0.518,0.679,2,IOWA,IOWA,481,4,103,big-ten,10,726,1694,767,435,28,13,9,1120,Iowa,326,424,104,686,1697,734,458,332,291,536,172,676,218,977,354,1021,516,446,180,637,220,1052,339,1057,547,19,2,3,False
40,55.9,9,8.3,13,0.475,0.413,0.353,539,0.649,0.22899999999999998,6,-1.8,95.0,29.5,53.4,12.2,0.5,0.43200000000000005,0.37799999999999995,0.698,0.264,96.8,29.7,1836,11.1,0.40299999999999997,0.34,50.9,0.536,21.0,0.494,67.4,1801,7.67,12.7,8.92,0.389,0.319,49.1,0.505,18.4,0.474,0.321,2,KANSAS-STATE,KANSAS-STATE,353,1,72,big-12,2,638,1526,631,350,28,8,19,1125,Kansas State,292,335,114,697,1452,627,549,383,269,495,210,585,199,966,455,867,428,530,241,593,189,930,403,933,442,9,1,1,True
41,51.6,1,14.1,1,0.546,0.48700000000000004,0.33899999999999997,542,0.67,0.22699999999999998,1,21.5,109.6,31.8,52.6,9.5,0.436,0.375,0.231,0.672,0.155,88.1,26.3,1696,9.5,0.406,0.299,45.6,0.46299999999999997,16.9,0.428,68.4,2109,25.92,11.2,11.74,0.33399999999999996,0.35200000000000004,54.4,0.568,16.1,0.5539999999999999,0.893,2,KANSAS,KANSAS,402,9,138,big-12,14,788,1600,779,363,28,13,3,1125,Kansas,291,326,101,624,1652,620,381,256,281,470,183,670,200,905,374,982,420,409,216,534,188,1079,356,1066,591,25,4,4,True
42,53.5,2,14.3,2,0.508,0.46299999999999997,0.41,639,0.7929999999999999,0.325,1,13.3,107.6,30.6,46.1,7.8,0.445,0.387,0.316,0.685,0.21600000000000003,94.3,28.3,1832,7.4,0.381,0.301,46.8,0.48100000000000004,15.0,0.441,68.8,2090,15.91,7.5,6.7,0.26899999999999996,0.337,53.2,0.561,16.1,0.509,0.821,2,KENTUCKY,KENTUCKY,386,7,147,sec,13,773,1558,721,507,28,15,5,1130,Kentucky,269,296,89,610,1657,642,523,358,305,553,144,631,190,915,337,1026,452,509,145,419,141,1042,357,1139,580,23,4,4,True
43,54.3,8,8.9,11,0.485,0.413,0.324,499,0.657,0.213,6,-2.9,95.4,28.2,54.2,11.9,0.478,0.424,0.414,0.7120000000000001,0.295,98.3,29.1,1881,12.0,0.365,0.299,50.9,0.523,17.9,0.496,69.9,1825,-0.21,11.1,1.87,0.423,0.342,49.1,0.513,18.7,0.465,0.48100000000000004,1,LA-SALLE,LA-SALLE,346,3,85,atlantic-10,4,662,1542,637,328,27,7,14,1095,La Salle,276,345,106,701,1503,637,622,443,272,481,229,549,164,973,391,954,473,541,213,652,223,938,408,890,414,13,1,2,False
44,44.9,5,11.0,5,0.524,0.47100000000000003,0.361,612,0.7709999999999999,0.27899999999999997,2,9.5,112.3,35.9,48.4,8.6,0.496,0.423,0.24600000000000002,0.6990000000000001,0.172,102.8,28.9,2058,8.3,0.415,0.35100000000000003,45.5,0.521,14.7,0.474,70.8,2247,13.86,8.9,7.11,0.33399999999999996,0.316,54.5,0.5660000000000001,15.5,0.5489999999999999,0.679,2,LOUISIANA-STATE,LOUISIANA-STATE,358,5,114,sec,10,769,1694,798,472,28,13,9,1130,Louisiana State,347,362,97,619,1767,748,435,304,312,504,166,734,258,931,339,1033,490,436,179,566,179,1116,363,1128,619,19,2,3,False
45,53.2,4,8.1,4,0.527,0.456,0.32899999999999996,552,0.732,0.24100000000000002,1,15.6,110.2,32.3,46.8,9.0,0.45,0.389,0.29100000000000004,0.73,0.212,94.6,25.7,1865,8.8,0.408,0.3,45.6,0.489,15.1,0.45,67.4,2174,17.97,7.5,7.32,0.37799999999999995,0.379,54.4,0.56,15.3,0.502,0.7929999999999999,2,LOUISVILLE,LOUISVILLE,407,6,80,acc,14,808,1679,765,404,29,16,6,1170,Louisville,318,305,94,665,1676,652,488,356,279,505,173,683,205,944,340,993,447,500,147,634,240,1126,352,1045,525,23,4,4,True
46,49.6,9,7.1,11,0.519,0.46399999999999997,0.336,497,0.664,0.223,8,-5.0,98.7,27.4,60.0,10.6,0.516,0.441,0.381,0.731,0.27899999999999997,103.7,27.3,1956,9.9,0.456,0.32899999999999996,49.4,0.555,17.2,0.534,64.8,1862,-0.89,9.1,4.0,0.34700000000000003,0.316,50.6,0.5429999999999999,19.0,0.5429999999999999,0.345,1,LOYOLA-MARYMOUNT,LOYOLA-MARYMOUNT,340,2,58,wcc,4,641,1477,685,330,29,7,19,1165,Loyola Marymount,230,395,102,610,1492,658,569,416,241,517,186,680,224,851,366,812,434,550,171,513,162,871,403,964,523,10,1,1,True
47,54.1,6,11.0,7,0.517,0.431,0.401,633,0.7390000000000001,0.297,2,10.0,107.0,28.7,51.0,9.6,0.46399999999999997,0.409,0.33399999999999996,0.654,0.218,97.0,25.8,1904,9.1,0.344,0.316,47.2,0.494,13.6,0.45799999999999996,71.4,2100,16.21,7.1,8.95,0.452,0.381,52.8,0.5589999999999999,16.3,0.47200000000000003,0.667,1,MARQUETTE,MARQUETTE,368,3,120,big-east,8,792,1577,680,468,27,13,9,1100,Marquette,273,347,83,678,1662,680,555,363,275,531,179,572,181,953,304,1090,499,509,140,713,272,1065,365,864,408,18,4,3,False
48,55.7,5,12.1,4,0.484,0.41600000000000004,0.379,608,0.75,0.284,0,12.4,105.6,32.0,54.4,11.0,0.452,0.391,0.23600000000000002,0.696,0.16399999999999998,93.2,26.2,1773,8.3,0.382,0.319,46.7,0.48,15.3,0.435,67.9,2010,18.25,7.0,9.79,0.43200000000000005,0.315,53.3,0.531,14.6,0.493,0.821,2,MARYLAND,MARYLAND,372,5,124,big-ten,13,767,1605,668,456,28,15,5,1120,Maryland,322,353,100,684,1661,649,392,273,272,528,158,634,202,956,334,1027,447,419,134,693,218,1089,324,912,450,23,4,4,True
49,53.2,8,8.1,8,0.491,0.42700000000000005,0.294,476,0.6890000000000001,0.203,4,-3.5,97.7,26.3,55.2,6.6,0.508,0.457,0.332,0.688,0.228,101.2,30.3,1984,10.1,0.314,0.32799999999999996,52.3,0.5379999999999999,18.0,0.516,69.4,1915,0.96,10.0,3.43,0.39299999999999996,0.325,47.7,0.52,16.9,0.49200000000000005,0.46399999999999997,1,MASSACHUSETTS,MASSACHUSETTS,367,2,88,atlantic-10,7,661,1617,690,328,28,11,15,1130,Massachusetts,258,402,65,722,1593,728,529,364,287,498,198,500,164,1009,405,1093,564,510,196,636,207,919,374,981,483,13,1,1,True
50,55.5,5,15.6,7,0.502,0.445,0.39899999999999997,637,0.675,0.26899999999999996,3,10.3,98.4,30.3,53.9,8.0,0.419,0.366,0.35200000000000004,0.69,0.243,88.1,29.2,1821,10.4,0.369,0.289,47.8,0.46299999999999997,18.0,0.41,73.5,2033,11.94,10.9,4.37,0.345,0.33299999999999996,52.2,0.535,19.6,0.504,0.679,1,MEMPHIS,MEMPHIS,394,4,166,aac,8,811,1596,710,430,28,14,9,1125,Memphis,294,332,84,677,1685,616,593,409,334,549,214,622,180,1011,433,1063,436,545,226,550,183,1105,462,1046,527,19,3,4,False
51,38.9,7,8.8,11,0.49700000000000005,0.43799999999999994,0.298,482,0.757,0.226,4,-2.8,102.7,25.4,55.4,11.7,0.51,0.449,0.22,0.71,0.156,105.5,31.8,2027,8.5,0.348,0.35,52.8,0.532,14.9,0.502,69.6,1973,6.26,8.0,8.26,0.359,0.327,47.2,0.534,14.9,0.5,0.519,2,MIAMI-FL,MIAMI-FL,276,4,99,acc,6,683,1618,709,365,27,8,13,1105,Miami (FL),246,429,121,723,1724,774,379,269,318,452,163,600,210,1041,333,1124,564,388,154,581,190,929,323,1037,519,14,1,2,False
52,65.7,4,13.4,6,0.522,0.457,0.315,521,0.7490000000000001,0.23600000000000002,3,16.1,108.3,32.6,56.5,9.4,0.43,0.376,0.28800000000000003,0.6970000000000001,0.201,92.2,25.9,1801,8.9,0.37799999999999995,0.284,44.9,0.467,14.2,0.43200000000000005,69.8,2116,21.35,7.5,10.1,0.371,0.349,55.1,0.556,15.8,0.521,0.679,2,MICHIGAN-STATE,MICHIGAN-STATE,497,5,142,big-ten,11,833,1654,756,390,28,11,9,1120,Michigan State,311,361,98,642,1698,639,489,341,291,481,174,641,182,933,319,1057,457,465,147,614,214,1144,358,1040,542,19,4,4,True
53,52.8,5,10.4,8,0.529,0.462,0.27,456,0.713,0.193,5,10.8,107.5,25.8,38.9,7.2,0.46299999999999997,0.42,0.258,0.679,0.175,96.7,25.9,1898,6.4,0.27899999999999997,0.312,49.1,0.491,13.8,0.461,69.2,2111,18.54,7.6,10.93,0.389,0.345,50.9,0.5539999999999999,13.6,0.537,0.643,2,MICHIGAN,MICHIGAN,412,4,129,big-ten,9,778,1688,780,325,28,10,10,1135,Michigan,251,281,74,721,1723,723,445,302,272,450,126,481,150,993,310,1242,573,420,150,656,226,1029,300,1032,554,18,4,3,False
54,60.1,8,11.7,10,0.486,0.419,0.281,454,0.7,0.19699999999999998,5,5.9,103.3,31.1,53.7,10.1,0.455,0.406,0.282,0.708,0.2,97.4,28.4,1780,7.8,0.31,0.313,48.3,0.489,14.1,0.44799999999999995,67.1,1888,15.84,7.2,11.84,0.413,0.32299999999999995,51.7,0.515,14.6,0.486,0.48100000000000004,2,MINNESOTA,MINNESOTA,407,2,129,big-ten,7,743,1616,677,318,27,10,14,1090,Minnesota,313,350,96,692,1604,652,452,320,294,456,143,498,156,986,298,1106,496,454,131,668,216,1056,313,948,461,13,3,2,False
55,52.3,6,14.0,6,0.517,0.469,0.38799999999999996,605,0.754,0.293,2,7.7,109.1,37.4,50.3,7.1,0.48700000000000004,0.428,0.319,0.73,0.233,101.4,28.1,1922,10.7,0.36700000000000005,0.32,44.6,0.524,15.2,0.491,67.7,2068,11.97,8.4,6.76,0.284,0.33899999999999997,55.4,0.56,17.8,0.521,0.643,2,MISSISSIPPI-STATE,MISSISSIPPI-STATE,382,3,141,sec,9,710,1558,731,456,28,13,10,1120,Mississippi State,340,343,79,568,1593,682,508,371,277,514,202,584,187,845,330,1009,495,490,159,443,150,1050,399,1115,581,18,2,3,False
56,53.7,9,7.6,11,0.48700000000000004,0.43200000000000005,0.37200000000000005,579,0.731,0.272,5,1.2,99.5,26.6,54.1,10.6,0.478,0.426,0.41100000000000003,0.735,0.302,98.3,27.7,1916,8.8,0.358,0.29,50.6,0.526,17.6,0.502,69.0,1940,7.48,10.4,6.63,0.34,0.327,49.4,0.529,17.1,0.485,0.46399999999999997,2,MISSISSIPPI,MISSISSIPPI,361,1,74,sec,4,692,1557,672,423,28,10,15,1130,Mississippi,256,351,109,705,1524,649,626,460,265,530,172,545,158,970,390,979,491,545,203,529,173,948,377,1028,499,13,3,1,False
57,50.2,9,9.9,9,0.475,0.413,0.35700000000000004,547,0.775,0.276,3,2.9,99.1,30.5,49.4,10.6,0.461,0.406,0.47100000000000003,0.728,0.34299999999999997,96.2,28.2,1828,8.7,0.379,0.29,49.0,0.517,18.5,0.47700000000000004,67.3,1882,8.05,9.9,6.12,0.40700000000000003,0.304,51.0,0.525,18.2,0.488,0.5,2,MISSOURI,MISSOURI,318,2,89,sec,6,681,1534,634,424,28,11,14,1130,Missouri,294,290,96,669,1445,587,680,495,267,525,166,548,159,936,400,897,428,593,188,625,190,975,400,909,444,14,3,1,False
58,55.1,10,6.1,15,0.47600000000000003,0.41100000000000003,0.28800000000000003,502,0.606,0.174,10,-8.7,95.6,21.7,50.6,12.8,0.506,0.442,0.21600000000000003,0.6679999999999999,0.14400000000000002,104.3,33.9,2140,7.4,0.39299999999999996,0.326,56.4,0.524,16.0,0.517,72.0,1962,3.75,9.1,10.11,0.401,0.32,43.6,0.495,13.7,0.47200000000000003,0.25,2,NEBRASKA,NEBRASKA,395,0,69,big-ten,2,731,1743,717,304,28,5,21,1140,Nebraska,247,414,134,892,1851,818,400,267,375,467,151,727,237,1267,389,1124,581,422,186,699,224,978,315,1044,493,7,1,1,True
59,49.5,7,9.1,6,0.495,0.43200000000000005,0.337,592,0.698,0.235,6,2.4,104.2,34.0,60.1,9.6,0.496,0.423,0.39899999999999997,0.721,0.28800000000000003,101.8,23.9,2106,9.3,0.43200000000000005,0.33899999999999997,45.3,0.5379999999999999,15.6,0.48700000000000004,67.0,2154,6.68,9.0,5.08,0.402,0.313,54.7,0.528,16.4,0.512,0.5329999999999999,1,NEVADA-LAS-VEGAS,NEVADA-LAS-VEGAS,376,4,85,mwc,11,801,1758,760,413,30,12,14,1235,Nevada-Las Vegas,371,418,101,719,1645,696,656,473,252,546,192,711,241,971,363,934,455,612,187,706,221,1172,401,1052,539,16,2,2,True
60,54.5,7,10.7,5,0.531,0.449,0.27699999999999997,489,0.748,0.207,2,7.5,107.4,25.6,51.2,7.4,0.465,0.4,0.368,0.7090000000000001,0.261,99.9,24.5,2086,6.7,0.441,0.29100000000000004,47.9,0.507,13.2,0.48700000000000004,71.7,2244,9.36,7.1,3.92,0.429,0.382,52.1,0.561,14.8,0.499,0.655,1,NEVADA,NEVADA,432,4,105,mwc,12,865,1768,793,366,29,12,10,1165,Nevada,259,359,75,753,1751,701,645,457,281,479,140,773,225,1034,313,978,476,567,149,759,290,1124,348,1009,503,19,4,2,False
61,54.8,9,8.2,11,0.53,0.47100000000000003,0.386,669,0.7190000000000001,0.278,3,1.8,105.5,27.6,59.1,7.0,0.525,0.449,0.24600000000000002,0.688,0.16899999999999998,103.7,30.1,2278,9.5,0.434,0.35100000000000003,50.3,0.546,17.3,0.525,73.2,2316,2.67,10.9,2.09,0.361,0.327,49.7,0.565,17.5,0.552,0.5670000000000001,1,NEW-MEXICO,NEW-MEXICO,447,2,87,mwc,6,775,1732,815,481,30,14,13,1200,New Mexico,282,496,77,738,1868,839,459,316,333,588,209,810,284,1071,436,1058,555,464,239,626,205,1057,436,1106,610,17,2,1,False
62,48.3,6,11.8,9,0.506,0.44799999999999995,0.28300000000000003,487,0.71,0.201,4,6.9,104.9,28.7,43.9,8.6,0.47700000000000004,0.424,0.359,0.6890000000000001,0.247,98.0,30.4,1948,9.2,0.336,0.314,50.8,0.513,17.3,0.48,70.7,2085,11.48,10.5,6.59,0.358,0.324,49.2,0.534,14.7,0.517,0.607,2,NORTH-CAROLINA-STATE,NORTH-CAROLINA-STATE,372,5,127,acc,8,716,1720,770,346,28,12,11,1125,North Carolina State,294,302,95,729,1622,688,582,401,313,470,182,545,171,1042,397,1077,517,511,208,615,199,1010,335,1105,571,17,3,3,True
63,55.0,8,10.3,13,0.45799999999999996,0.41600000000000004,0.336,586,0.6659999999999999,0.223,8,-1.2,99.1,35.2,52.9,9.1,0.489,0.42,0.276,0.74,0.204,100.3,23.7,2015,9.8,0.41200000000000003,0.335,44.8,0.523,14.6,0.48100000000000004,70.5,1991,8.81,8.4,9.67,0.293,0.28800000000000003,55.2,0.49200000000000005,15.6,0.469,0.39299999999999996,2,NORTH-CAROLINA,NORTH-CAROLINA,399,2,103,acc,4,799,1746,726,390,28,6,17,1140,North Carolina,388,379,113,715,1703,716,470,348,248,526,197,702,235,963,329,1001,481,464,168,511,147,1187,374,1235,579,11,3,2,False
64,57.0,9,8.4,16,0.47,0.41600000000000004,0.255,395,0.7290000000000001,0.18600000000000003,11,-8.0,97.2,22.6,64.6,9.0,0.496,0.426,0.28800000000000003,0.728,0.21,105.2,29.6,1890,7.9,0.42,0.336,53.3,0.529,13.9,0.49,66.2,1746,4.88,5.8,10.21,0.34299999999999997,0.311,46.7,0.502,13.7,0.47100000000000003,0.222,2,NORTHWESTERN,NORTHWESTERN,368,1,77,big-ten,1,679,1552,646,288,27,4,21,1085,Northwestern,214,432,92,732,1572,669,453,330,286,411,141,660,222,1018,289,912,447,451,104,533,166,893,277,1019,480,6,1,1,True
65,62.7,6,9.5,8,0.504,0.426,0.249,437,0.735,0.183,3,8.3,107.2,27.2,51.2,9.6,0.47700000000000004,0.415,0.187,0.7020000000000001,0.131,98.9,29.1,1926,8.2,0.36200000000000004,0.337,50.6,0.499,14.7,0.46,68.9,2088,10.91,8.4,5.12,0.45299999999999996,0.344,49.4,0.532,12.2,0.494,0.643,2,NOTRE-DAME,NOTRE-DAME,468,4,108,acc,9,769,1754,747,321,28,14,10,1130,Notre Dame,286,377,92,765,1774,737,332,233,316,428,159,643,217,1081,332,1131,520,341,163,794,273,1055,272,960,474,18,4,3,False
66,56.2,6,10.6,8,0.526,0.446,0.368,561,0.74,0.272,2,14.5,107.8,31.2,48.0,9.4,0.456,0.391,0.302,0.682,0.20600000000000002,93.3,25.5,1745,7.3,0.391,0.33299999999999996,45.9,0.488,16.1,0.428,66.8,2017,19.22,7.4,9.5,0.425,0.373,54.1,0.564,16.9,0.501,0.679,2,OHIO-STATE,OHIO-STATE,382,4,101,big-ten,9,758,1523,680,415,28,13,9,1120,Ohio State,282,293,82,621,1562,610,472,322,260,521,136,610,203,881,344,952,407,488,138,648,242,1040,365,875,438,19,4,3,False
67,49.5,7,12.7,11,0.46399999999999997,0.41100000000000003,0.342,542,0.7340000000000001,0.251,6,0.3,97.3,29.4,59.7,9.3,0.47100000000000003,0.402,0.34,0.708,0.24100000000000002,97.0,28.9,1861,8.8,0.451,0.307,49.6,0.509,17.6,0.479,68.5,1868,11.01,10.0,10.76,0.341,0.307,50.4,0.507,16.5,0.465,0.5,2,OKLAHOMA-STATE,OKLAHOMA-STATE,323,4,110,big-12,4,720,1585,652,398,28,8,14,1120,Oklahoma State,294,377,97,707,1574,632,535,379,292,486,169,710,218,999,390,864,414,508,192,540,166,1014,363,1045,486,14,3,2,False
68,47.6,8,10.9,8,0.485,0.42200000000000004,0.302,496,0.7659999999999999,0.231,2,3.9,101.0,23.2,47.0,7.0,0.47,0.402,0.19899999999999998,0.727,0.14400000000000002,97.1,26.9,1899,8.9,0.40299999999999997,0.337,50.9,0.495,14.6,0.446,69.9,1975,13.22,8.7,10.51,0.389,0.32,49.1,0.525,14.2,0.488,0.607,2,OKLAHOMA,OKLAHOMA,331,2,114,big-12,7,792,1645,695,380,28,12,11,1120,Oklahoma,232,331,70,770,1751,704,348,253,291,479,175,706,238,1061,328,1045,466,370,170,640,205,1024,310,1005,490,17,3,1,False
69,57.8,8,13.8,11,0.513,0.45799999999999996,0.38799999999999996,588,0.748,0.29,4,4.6,106.6,27.1,54.7,8.9,0.494,0.43,0.307,0.7290000000000001,0.22399999999999998,102.0,29.1,1907,8.4,0.365,0.348,50.4,0.529,15.9,0.47700000000000004,66.8,1994,9.13,9.0,6.02,0.342,0.317,49.6,0.555,15.4,0.532,0.536,2,OREGON-STATE,OREGON-STATE,402,3,138,pac-12,5,680,1516,695,440,28,10,13,1120,Oregon State,246,370,89,663,1574,677,484,353,279,525,158,575,200,942,340,999,477,451,168,518,164,926,326,998,531,15,2,2,True
70,52.4,5,9.1,5,0.535,0.46299999999999997,0.28600000000000003,492,0.693,0.198,0,11.9,110.2,32.5,52.6,9.6,0.473,0.406,0.299,0.727,0.218,98.3,31.3,1946,6.1,0.409,0.325,48.8,0.509,17.1,0.46299999999999997,66.3,2182,17.49,11.5,9.35,0.374,0.384,51.2,0.5579999999999999,15.0,0.51,0.759,2,OREGON,OREGON,418,5,90,pac-12,11,715,1722,797,341,29,15,7,1195,Oregon,319,358,103,662,1673,680,501,364,325,446,120,684,222,987,393,989,458,506,227,644,247,1034,344,1078,550,22,4,3,False
71,46.2,5,11.9,5,0.506,0.456,0.349,611,0.6629999999999999,0.23199999999999998,3,8.7,103.5,33.3,40.7,6.1,0.475,0.413,0.405,0.703,0.284,94.8,20.0,1992,8.1,0.36700000000000005,0.33899999999999997,43.5,0.518,16.6,0.455,65.9,2175,4.29,8.5,0.05,0.28600000000000003,0.348,56.5,0.5329999999999999,15.9,0.5,0.71,1,PACIFIC,PACIFIC,369,6,122,wcc,10,789,1749,798,405,31,15,9,1275,Pacific,333,271,76,667,1614,666,653,459,197,568,171,593,201,864,383,1021,465,591,179,500,174,1122,386,1249,624,22,2,3,False
72,52.8,4,12.4,6,0.505,0.441,0.32,551,0.69,0.221,2,12.0,105.6,29.1,47.8,8.0,0.456,0.40399999999999997,0.32,0.675,0.21600000000000003,93.6,27.3,1878,8.0,0.32799999999999996,0.319,48.9,0.49,16.7,0.445,71.7,2119,17.41,10.9,8.8,0.38799999999999996,0.32799999999999996,51.1,0.534,14.1,0.513,0.75,2,PENN-STATE,PENN-STATE,401,5,139,big-ten,11,778,1723,760,380,28,14,7,1120,Penn State,306,321,84,744,1664,672,533,360,292,510,160,546,174,1036,383,1118,498,493,218,668,219,1084,326,1055,541,21,4,4,True
73,56.5,7,9.8,7,0.501,0.435,0.335,584,0.795,0.266,4,-0.6,104.8,27.0,59.3,7.4,0.53,0.45799999999999996,0.349,0.715,0.25,105.4,28.6,2223,9.1,0.37200000000000005,0.384,51.4,0.561,17.3,0.502,71.8,2211,2.59,8.8,3.01,0.376,0.35,48.6,0.547,15.4,0.48700000000000004,0.517,1,PEPPERDINE,PEPPERDINE,429,6,104,wcc,8,705,1744,759,464,29,9,14,1175,Pepperdine,282,461,81,761,1698,778,593,424,283,572,191,632,243,1044,413,1066,535,525,185,655,229,987,368,1089,530,15,2,2,True
74,55.6,7,10.4,12,0.449,0.40299999999999997,0.354,578,0.72,0.255,7,0.5,98.6,32.4,58.9,10.4,0.494,0.425,0.253,0.705,0.179,98.1,33.9,1874,7.7,0.40700000000000003,0.342,51.3,0.521,19.9,0.48200000000000004,65.6,1883,7.07,11.7,6.76,0.325,0.289,48.7,0.494,15.4,0.457,0.517,2,PITTSBURGH,PITTSBURGH,365,2,99,acc,6,654,1632,657,416,29,11,14,1165,Pittsburgh,342,402,115,713,1606,682,407,287,335,523,148,653,223,1048,446,953,459,440,224,530,153,996,346,1102,504,15,3,2,False
75,56.0,8,10.2,14,0.489,0.429,0.332,552,0.672,0.223,9,-7.7,93.6,20.8,59.9,7.6,0.501,0.433,0.29,0.653,0.18899999999999997,101.3,30.6,2160,9.9,0.405,0.34,54.2,0.524,16.4,0.496,70.5,1996,-6.59,8.1,1.84,0.35200000000000004,0.34,45.8,0.519,17.9,0.47700000000000004,0.3,1,PORTLAND,PORTLAND,399,2,110,wcc,1,749,1662,713,371,30,7,21,1210,Portland,212,470,82,808,1812,784,525,343,331,561,212,733,249,1139,403,1079,535,507,173,585,199,961,420,1077,514,9,1,2,False
76,60.1,6,10.1,6,0.46799999999999997,0.408,0.353,594,0.687,0.242,3,5.8,101.3,34.0,52.4,9.3,0.478,0.419,0.38299999999999995,0.716,0.275,95.5,28.1,1868,9.9,0.37,0.319,48.4,0.52,19.0,0.478,69.6,1983,11.97,12.0,7.87,0.368,0.324,51.6,0.504,16.1,0.457,0.5710000000000001,1,PROVIDENCE,PROVIDENCE,413,4,97,big-east,9,690,1684,687,408,28,11,12,1125,Providence,376,333,99,730,1518,636,582,417,269,529,194,561,179,999,421,957,457,532,234,620,201,1066,378,1064,486,16,3,3,True
77,52.9,8,11.1,10,0.48200000000000004,0.42200000000000004,0.253,439,0.672,0.17,4,8.7,103.0,34.6,59.7,9.3,0.47,0.40700000000000003,0.32,0.711,0.22699999999999998,94.3,27.1,1803,7.8,0.42100000000000004,0.302,47.0,0.507,17.9,0.483,64.5,1969,16.12,9.9,10.4,0.35700000000000004,0.336,53.0,0.507,14.6,0.47,0.517,2,PURDUE,PURDUE,388,3,99,big-ten,8,697,1735,733,295,29,11,14,1185,Purdue,361,375,104,681,1544,628,494,351,259,471,149,650,196,940,388,894,432,508,189,619,208,1058,331,1116,525,15,3,1,False
78,47.8,5,10.6,3,0.475,0.428,0.364,611,0.691,0.251,1,8.6,102.1,30.8,51.8,7.3,0.469,0.413,0.28,0.6940000000000001,0.19399999999999998,93.5,28.1,1847,7.6,0.38299999999999995,0.292,48.9,0.5,18.5,0.489,72.5,2017,10.61,11.9,4.32,0.289,0.32299999999999995,51.1,0.512,14.3,0.47100000000000003,0.741,1,RHODE-ISLAND,RHODE-ISLAND,344,7,107,atlantic-10,12,738,1679,719,422,27,12,7,1090,Rhode Island,324,349,87,729,1630,674,457,317,289,506,151,624,182,1018,418,1006,492,467,235,486,157,1062,328,1193,562,20,3,3,True
79,56.1,3,7.7,4,0.5329999999999999,0.46399999999999997,0.273,447,0.767,0.21,2,10.9,106.9,21.9,46.6,8.6,0.479,0.418,0.297,0.6970000000000001,0.207,96.0,27.2,1874,8.4,0.406,0.301,51.6,0.51,17.8,0.49700000000000005,69.1,2087,10.21,11.8,2.6,0.38,0.36,48.4,0.564,14.1,0.528,0.75,1,RICHMOND,RICHMOND,426,8,74,atlantic-10,11,741,1637,760,343,28,12,7,1130,Richmond,205,313,87,733,1609,672,478,333,277,435,164,654,197,1010,398,955,475,424,230,622,224,946,304,1015,536,21,4,4,True
80,47.9,8,13.6,9,0.49,0.445,0.292,503,0.65,0.19,1,10.8,102.3,32.5,54.7,8.6,0.45,0.385,0.278,0.7070000000000001,0.19699999999999998,91.5,25.3,1807,8.2,0.408,0.32,45.9,0.484,17.0,0.429,67.8,2019,15.32,9.8,9.35,0.301,0.3,54.1,0.514,15.3,0.508,0.621,2,RUTGERS,RUTGERS,368,1,133,big-ten,9,819,1725,768,327,29,17,11,1165,Rutgers,342,347,104,709,1648,634,458,324,277,497,161,672,215,986,382,976,419,483,194,520,156,1161,356,1205,612,18,3,1,False
81,52.7,11,7.0,14,0.46,0.386,0.287,491,0.703,0.20199999999999999,9,-15.7,95.2,27.0,51.0,13.9,0.528,0.46399999999999997,0.327,0.726,0.237,110.9,28.0,2230,9.8,0.342,0.375,51.9,0.56,12.6,0.51,71.5,1915,-5.56,6.6,5.69,0.491,0.3,48.1,0.493,16.4,0.46799999999999997,0.179,1,SAINT-JOSEPHS,SAINT-JOSEPHS,347,2,79,atlantic-10,1,706,1708,659,345,28,3,23,1125,Saint Joseph's,301,408,121,812,1724,800,563,409,275,465,198,589,221,1087,286,1135,579,490,133,839,252,1007,380,869,407,5,1,1,True
82,54.5,4,12.7,6,0.496,0.45,0.40299999999999997,660,0.583,0.235,3,8.1,103.1,33.9,49.4,8.3,0.47200000000000003,0.40700000000000003,0.36200000000000004,0.695,0.252,95.0,24.9,1852,9.7,0.4,0.326,45.7,0.51,17.3,0.46,68.7,2010,8.28,10.8,2.91,0.27399999999999997,0.337,54.3,0.515,15.3,0.493,0.7140000000000001,1,SAINT-LOUIS,SAINT-LOUIS,402,4,118,atlantic-10,9,758,1637,737,385,28,14,8,1135,Saint Louis,351,311,99,683,1549,630,561,390,251,535,190,619,202,934,381,930,428,512,210,448,151,1109,353,1189,586,20,3,4,False
83,45.2,2,5.5,4,0.557,0.483,0.306,519,0.7509999999999999,0.23,3,15.2,114.0,25.8,38.2,8.6,0.5,0.44799999999999995,0.267,0.711,0.19,98.8,23.1,1974,6.1,0.32,0.325,47.9,0.528,15.7,0.505,65.0,2277,12.49,9.8,3.8,0.363,0.405,52.1,0.5870000000000001,13.1,0.528,0.8,1,SAINT-MARYS-CA,SAINT-MARYS-CA,370,6,62,wcc,11,739,1694,819,390,30,14,6,1230,Saint Mary's (CA),234,284,93,673,1660,743,443,315,222,491,121,532,173,895,349,1128,570,491,196,615,249,973,293,1079,570,24,4,4,True
84,56.1,0,9.1,1,0.547,0.469,0.29100000000000004,465,0.757,0.22,1,24.8,113.0,29.3,52.0,5.7,0.43700000000000006,0.379,0.302,0.7170000000000001,0.217,88.2,25.7,1640,8.2,0.413,0.282,47.1,0.478,18.8,0.447,66.4,2102,18.9,10.4,3.42,0.41200000000000003,0.38,52.9,0.578,14.4,0.531,0.9640000000000001,1,SAN-DIEGO-STATE,SAN-DIEGO-STATE,421,10,80,mwc,16,736,1599,750,352,28,14,1,1120,San Diego State,265,296,54,639,1501,569,453,325,254,494,153,620,175,893,398,881,394,468,194,658,250,1001,305,941,500,27,4,4,True
85,51.3,10,8.4,13,0.47,0.415,0.29600000000000004,517,0.652,0.193,8,-9.2,91.4,25.8,47.9,8.4,0.502,0.449,0.304,0.7020000000000001,0.213,100.6,26.7,2173,9.6,0.324,0.325,50.9,0.532,16.0,0.509,71.2,1976,-2.99,8.0,4.7,0.34600000000000003,0.313,49.1,0.496,18.1,0.47,0.3,1,SAN-DIEGO,SAN-DIEGO,372,3,101,wcc,2,743,1745,725,337,30,6,21,1215,San Diego,272,384,96,781,1786,802,543,381,270,528,208,579,188,1051,390,1207,614,531,172,604,189,1015,440,1141,536,9,1,1,True
86,45.2,6,7.9,7,0.511,0.43700000000000006,0.292,531,0.725,0.21100000000000002,5,7.7,106.0,29.4,43.0,9.0,0.505,0.447,0.306,0.722,0.221,98.3,23.1,2084,8.8,0.295,0.389,47.7,0.537,17.1,0.47200000000000003,69.8,2246,7.56,10.2,3.73,0.44299999999999995,0.336,52.3,0.542,15.5,0.516,0.633,1,SAN-FRANCISCO,SAN-FRANCISCO,359,6,94,wcc,8,782,1821,795,385,30,12,11,1215,San Francisco,320,326,91,770,1694,758,518,374,235,507,187,499,194,1005,400,1195,564,527,216,806,271,1102,380,1015,524,19,2,3,False
87,55.6,12,8.1,14,0.45799999999999996,0.38799999999999996,0.34,595,0.7190000000000001,0.244,9,-14.8,94.2,24.7,63.8,7.6,0.534,0.473,0.341,0.688,0.235,109.0,29.8,2352,9.8,0.34600000000000003,0.355,53.7,0.561,15.2,0.535,74.1,2032,-7.19,8.4,5.13,0.46399999999999997,0.3,46.3,0.5,16.6,0.465,0.24100000000000002,1,SAN-JOSE-STATE,SAN-JOSE-STATE,378,1,96,mwc,3,729,1751,680,428,29,6,22,1165,San Jose State,285,544,71,867,1805,853,616,424,310,542,212,625,222,1177,376,1180,631,535,182,813,244,1014,404,938,436,7,1,1,True
88,58.4,7,9.1,10,0.531,0.465,0.33899999999999997,588,0.74,0.251,5,5.7,103.5,22.1,50.3,7.9,0.478,0.424,0.379,0.71,0.26899999999999996,97.8,26.8,2151,9.3,0.322,0.33299999999999996,51.2,0.519,16.9,0.467,73.0,2276,2.29,9.3,1.11,0.369,0.358,48.8,0.5660000000000001,16.9,0.528,0.6,1,SANTA-CLARA,SANTA-CLARA,471,3,108,wcc,5,802,1732,806,435,30,15,12,1205,Santa Clara,222,375,86,781,1757,745,666,473,294,542,204,565,188,1075,422,1192,557,607,204,639,229,1024,408,1093,577,18,2,2,True
89,55.4,3,15.6,3,0.509,0.44299999999999995,0.366,576,0.72,0.264,3,11.1,104.2,29.3,48.0,9.0,0.441,0.391,0.33299999999999996,0.7090000000000001,0.23600000000000002,93.1,30.6,1802,9.3,0.33,0.301,49.6,0.483,17.3,0.436,71.7,2016,17.25,10.1,9.32,0.40299999999999997,0.32299999999999995,50.4,0.546,16.7,0.524,0.741,1,SETON-HALL,SETON-HALL,387,7,169,big-east,12,736,1574,698,415,27,11,7,1080,Seton Hall,280,303,85,676,1612,631,536,380,325,501,180,532,160,1001,390,1080,471,509,195,634,205,1016,371,940,493,20,3,4,False
90,54.1,4,13.5,6,0.486,0.43799999999999994,0.37,626,0.618,0.22899999999999998,5,6.0,100.0,32.1,54.7,8.6,0.449,0.39,0.513,0.727,0.373,94.0,27.9,1912,8.4,0.4,0.294,48.3,0.511,19.1,0.455,72.3,2032,10.34,10.7,6.05,0.309,0.312,51.7,0.511,15.8,0.494,0.607,2,SOUTH-CAROLINA,SOUTH-CAROLINA,401,6,122,sec,9,716,1692,741,387,28,11,11,1125,South Carolina,332,321,101,703,1504,587,772,561,277,570,170,602,177,980,442,902,410,641,217,523,163,1048,373,1169,578,17,3,4,False
91,46.0,6,6.8,10,0.469,0.409,0.37799999999999995,560,0.648,0.245,6,0.2,94.7,32.4,50.5,9.3,0.51,0.444,0.33799999999999997,0.69,0.233,94.5,24.6,1747,10.1,0.401,0.33299999999999996,47.7,0.54,21.0,0.517,65.4,1751,4.99,11.4,4.84,0.389,0.306,52.3,0.501,19.4,0.475,0.429,1,SOUTH-FLORIDA,SOUTH-FLORIDA,279,2,57,aac,5,630,1481,606,363,28,9,16,1130,South Florida,313,312,84,654,1393,618,471,325,205,497,187,558,186,859,431,835,432,498,211,576,176,943,421,905,430,12,1,3,False
92,55.2,6,13.5,7,0.493,0.43799999999999994,0.355,597,0.667,0.237,2,5.9,99.6,30.9,51.3,7.5,0.45,0.38799999999999996,0.276,0.691,0.191,93.7,28.4,1933,11.1,0.392,0.316,47.9,0.48200000000000004,15.8,0.435,70.2,2054,11.31,9.5,7.14,0.318,0.345,52.1,0.523,17.5,0.48100000000000004,0.69,2,SOUTHERN-CALIFORNIA,SOUTHERN-CALIFORNIA,406,5,145,pac-12,9,803,1681,736,398,29,12,9,1175,Southern California,318,353,86,711,1772,688,489,338,318,539,230,694,219,1029,376,1078,469,486,195,534,184,1121,418,1147,552,20,3,3,True
93,60.8,7,9.6,6,0.524,0.45399999999999996,0.315,490,0.7709999999999999,0.243,1,7.8,109.4,34.6,60.0,9.2,0.49700000000000005,0.423,0.28,0.738,0.207,101.6,28.2,1866,10.5,0.425,0.35,46.4,0.53,16.4,0.47700000000000004,66.5,2008,8.25,8.8,3.0,0.426,0.32899999999999996,53.6,0.562,16.9,0.547,0.7040000000000001,1,SOUTHERN-METHODIST,SOUTHERN-METHODIST,429,4,86,aac,9,682,1554,706,378,27,15,8,1105,Southern Methodist,315,394,82,596,1554,657,435,321,268,469,192,660,231,864,345,894,426,442,162,662,218,997,363,892,488,19,2,2,True
94,54.3,5,11.6,5,0.495,0.43700000000000006,0.271,443,0.7290000000000001,0.198,5,4.6,104.0,31.4,60.6,7.9,0.491,0.41600000000000004,0.322,0.6809999999999999,0.21899999999999997,99.4,26.4,1855,8.0,0.452,0.332,47.4,0.521,16.3,0.485,66.1,1940,3.94,8.4,1.72,0.341,0.33899999999999997,52.6,0.526,15.0,0.488,0.643,1,ST-BONAVENTURE,ST-BONAVENTURE,388,7,98,atlantic-10,10,723,1633,714,323,28,8,10,1130,St. Bonaventure,306,389,85,670,1545,642,498,339,259,450,150,699,232,929,346,846,410,482,157,557,189,1029,326,1076,525,18,3,4,False
95,53.9,7,12.3,12,0.452,0.405,0.29600000000000004,551,0.713,0.21100000000000002,6,4.0,99.3,30.3,58.5,9.6,0.479,0.41100000000000003,0.37,0.675,0.25,95.3,31.2,1994,7.0,0.423,0.319,51.3,0.513,19.8,0.478,74.7,2078,9.89,13.5,6.89,0.308,0.304,48.7,0.489,13.2,0.45,0.5,1,ST-JOHNS-NY,ST-JOHNS-NY,407,1,117,big-east,3,736,1864,755,393,28,11,14,1120,St. John's (NY),355,397,124,817,1652,679,612,413,333,488,146,699,223,1150,481,953,456,537,282,575,175,1091,322,1289,580,14,3,2,False
96,51.2,4,11.2,7,0.542,0.473,0.317,478,0.6970000000000001,0.221,4,12.5,101.1,22.2,46.6,11.4,0.445,0.391,0.318,0.6809999999999999,0.217,88.6,27.9,1725,9.0,0.377,0.287,50.9,0.48100000000000004,19.6,0.45299999999999996,68.9,1968,14.38,10.1,5.7,0.366,0.379,49.1,0.5670000000000001,19.0,0.527,0.679,2,STANFORD,STANFORD,365,4,109,pac-12,8,740,1507,713,333,28,13,9,1130,Stanford,194,284,109,680,1559,609,496,338,287,494,176,588,169,967,438,971,440,456,196,551,209,934,407,956,504,19,4,4,True
97,56.6,4,14.7,8,0.508,0.436,0.35600000000000004,575,0.7390000000000001,0.263,6,7.2,107.4,29.0,72.5,8.0,0.48100000000000004,0.405,0.314,0.7290000000000001,0.22899999999999998,100.2,31.6,1931,9.0,0.48100000000000004,0.315,50.7,0.518,17.2,0.488,68.5,2069,12.28,10.7,7.35,0.428,0.33799999999999997,49.3,0.547,14.7,0.509,0.5710000000000001,2,SYRACUSE,SYRACUSE,399,5,124,acc,9,713,1617,705,425,28,11,12,1125,Syracuse,286,476,74,699,1623,657,509,371,329,494,173,780,246,1028,388,843,411,460,206,692,234,999,327,925,471,16,3,4,False
98,56.2,7,8.3,9,0.465,0.41,0.342,572,0.682,0.233,5,1.4,96.0,25.5,56.8,10.7,0.466,0.4,0.289,0.718,0.20800000000000002,94.6,26.5,1915,9.3,0.42200000000000004,0.31,50.4,0.501,16.6,0.467,71.4,1945,6.94,11.2,5.87,0.34600000000000003,0.32,49.6,0.5,15.8,0.457,0.5,1,TEMPLE,TEMPLE,385,4,81,aac,6,786,1672,685,390,28,8,14,1135,Temple,269,382,117,787,1681,673,486,349,283,485,189,710,220,1070,381,971,453,497,226,579,185,1055,365,1093,500,14,3,2,False
99,63.5,7,15.9,8,0.484,0.429,0.37200000000000005,559,0.75,0.27899999999999997,5,5.2,100.0,30.7,45.2,8.9,0.449,0.395,0.35700000000000004,0.7020000000000001,0.251,94.8,29.6,1774,11.6,0.34299999999999997,0.319,48.7,0.491,16.8,0.434,66.8,1872,11.07,9.2,7.57,0.36200000000000004,0.303,51.3,0.53,18.0,0.501,0.536,2,TENNESSEE,TENNESSEE,409,3,161,sec,7,703,1501,644,419,28,10,13,1120,Tennessee,285,275,85,642,1543,609,551,387,295,544,217,529,169,937,364,1014,440,512,173,544,165,988,388,957,479,15,3,2,False
100,52.2,3,10.9,7,0.456,0.39799999999999996,0.414,583,0.691,0.28600000000000003,6,-3.2,94.8,31.1,64.4,12.0,0.488,0.408,0.259,0.7490000000000001,0.19399999999999998,98.0,32.3,1747,10.2,0.496,0.32299999999999995,50.6,0.521,19.6,0.49200000000000005,65.7,1689,3.93,9.9,6.08,0.41100000000000003,0.28300000000000003,49.4,0.501,18.4,0.478,0.519,2,TEXAS-AM,TEXAS-AM,293,4,82,sec,8,625,1409,561,403,27,10,13,1085,Texas A&M,289,392,100,640,1493,609,387,290,298,516,181,741,239,938,408,752,370,421,177,579,164,914,380,830,397,14,3,4,False
101,61.5,8,14.1,9,0.493,0.419,0.261,414,0.635,0.166,4,1.4,98.1,32.9,64.6,12.2,0.494,0.43200000000000005,0.302,0.657,0.198,96.7,28.9,1801,9.2,0.34299999999999997,0.361,48.4,0.519,18.8,0.47,65.6,1827,9.27,10.4,9.09,0.435,0.33899999999999997,51.6,0.512,18.3,0.48100000000000004,0.536,2,TEXAS-CHRISTIAN,TEXAS-CHRISTIAN,409,1,140,big-12,6,668,1586,665,263,28,13,13,1135,Texas Christian,324,424,109,660,1517,656,458,301,271,426,172,521,188,931,401,996,468,458,194,690,234,992,400,896,431,15,3,2,False
102,61.3,6,11.6,6,0.52,0.455,0.35700000000000004,557,0.754,0.26899999999999996,2,14.3,104.6,28.1,44.7,9.4,0.45799999999999996,0.405,0.35600000000000004,0.6990000000000001,0.249,90.3,28.7,1764,8.9,0.355,0.3,49.6,0.5,20.7,0.462,68.8,2042,17.32,11.6,7.39,0.36,0.36,50.4,0.56,17.4,0.509,0.643,2,TEXAS-TECH,TEXAS-TECH,435,3,113,big-12,9,685,1559,710,420,28,13,10,1135,Texas Tech,254,273,94,649,1510,611,538,376,276,545,173,536,161,925,461,974,450,493,226,561,202,939,385,998,508,18,4,3,False
103,50.0,5,11.4,8,0.503,0.431,0.22,345,0.675,0.149,5,2.0,97.5,27.4,43.3,9.5,0.466,0.42200000000000004,0.348,0.653,0.22699999999999998,95.5,33.0,1772,9.7,0.27399999999999997,0.32299999999999995,52.7,0.498,18.0,0.45899999999999996,66.3,1810,10.6,8.4,9.24,0.423,0.33899999999999997,47.3,0.523,18.1,0.499,0.607,2,TEXAS,TEXAS,338,4,126,big-12,7,638,1567,676,233,28,11,11,1120,Texas,258,279,86,685,1528,645,531,347,314,404,180,418,135,999,391,1110,510,516,155,663,225,896,382,904,451,17,3,3,True
104,49.0,7,8.0,12,0.485,0.415,0.342,539,0.705,0.24100000000000002,5,-3.4,98.0,21.8,63.1,8.5,0.531,0.455,0.287,0.6890000000000001,0.198,101.4,30.1,1974,7.3,0.442,0.344,55.3,0.555,20.0,0.5429999999999999,69.2,1907,0.43,12.2,2.82,0.406,0.34600000000000003,44.7,0.521,15.3,0.462,0.429,1,TULANE,TULANE,320,3,70,aac,4,644,1575,653,380,28,7,16,1125,Tulane,220,450,80,791,1566,713,450,310,277,504,143,692,238,1068,446,874,475,428,237,639,221,864,332,936,432,12,1,2,False
105,53.5,6,7.7,4,0.499,0.446,0.39799999999999996,597,0.7070000000000001,0.281,2,7.0,100.4,26.7,53.2,9.8,0.46399999999999997,0.397,0.281,0.71,0.2,93.4,28.5,1785,10.7,0.45899999999999996,0.293,49.7,0.49700000000000005,18.5,0.484,67.1,1920,7.91,11.1,3.09,0.337,0.316,50.3,0.5379999999999999,17.4,0.512,0.679,1,TULSA,TULSA,358,5,66,aac,11,729,1500,669,422,28,14,9,1140,Tulsa,246,334,97,675,1583,628,445,316,290,533,205,726,213,965,407,857,415,432,213,506,160,975,376,994,509,19,3,3,True
106,53.3,4,10.1,5,0.494,0.44,0.365,595,0.7090000000000001,0.259,4,3.6,104.1,35.0,46.8,8.2,0.5,0.429,0.358,0.737,0.264,100.5,25.2,1961,8.6,0.38,0.377,45.4,0.54,17.3,0.46,66.7,2032,9.33,10.2,7.72,0.331,0.322,54.6,0.531,16.9,0.499,0.621,2,UCLA,UCLA,383,5,97,pac-12,11,720,1630,718,422,29,12,11,1170,UCLA,350,311,89,649,1551,665,555,409,242,538,168,589,222,891,380,962,443,539,199,540,174,1070,389,1090,544,18,2,4,False
107,62.1,5,9.2,5,0.518,0.456,0.35700000000000004,629,0.773,0.276,1,19.4,110.0,32.0,46.9,9.0,0.456,0.391,0.262,0.691,0.18100000000000002,90.6,21.1,1905,9.4,0.42100000000000004,0.308,43.4,0.486,16.5,0.452,69.2,2313,14.37,8.9,3.84,0.375,0.331,56.6,0.561,15.1,0.531,0.767,1,UTAH-STATE,UTAH-STATE,499,4,93,mwc,12,899,1763,804,486,30,15,7,1215,Utah State,331,320,99,703,1743,682,456,315,240,577,197,734,226,943,387,1009,456,473,187,662,219,1230,367,1101,585,23,4,4,True
108,57.6,9,7.6,10,0.51,0.44799999999999995,0.364,560,0.7290000000000001,0.265,2,1.4,102.8,28.6,50.3,11.2,0.502,0.43799999999999994,0.21899999999999997,0.726,0.159,101.4,26.8,1951,9.7,0.35600000000000004,0.358,48.1,0.527,15.9,0.48200000000000004,68.1,1977,8.66,8.2,7.73,0.386,0.325,51.9,0.5479999999999999,17.4,0.524,0.536,2,UTAH,UTAH,396,1,82,pac-12,6,740,1537,688,408,28,11,13,1130,Utah,265,370,106,661,1678,735,368,267,271,542,186,597,214,932,349,1081,521,427,157,593,193,1005,379,944,495,15,2,1,False
109,47.7,8,9.0,14,0.503,0.429,0.409,634,0.6859999999999999,0.281,10,-4.2,101.1,24.6,49.5,12.5,0.524,0.467,0.37,0.735,0.272,105.3,29.1,2074,7.9,0.327,0.353,53.1,0.561,17.5,0.522,69.7,1992,2.99,10.1,5.92,0.447,0.331,46.9,0.5379999999999999,16.3,0.508,0.321,2,VANDERBILT,VANDERBILT,317,0,95,sec,1,652,1549,664,435,28,9,19,1130,Vanderbilt,244,363,107,747,1571,733,581,427,267,560,156,513,181,1014,393,1058,552,533,199,692,229,896,360,857,435,9,1,1,True
110,56.9,3,6.9,4,0.526,0.441,0.262,431,0.777,0.204,2,11.2,108.5,26.1,47.1,10.9,0.48,0.431,0.231,0.7020000000000001,0.162,97.3,24.4,1854,8.5,0.313,0.313,48.6,0.506,14.9,0.485,67.7,2066,17.29,8.4,9.72,0.466,0.364,51.4,0.5579999999999999,14.0,0.509,0.7859999999999999,1,VILLANOVA,VILLANOVA,413,7,78,big-east,11,762,1646,726,335,28,12,6,1125,Villanova,251,335,96,712,1651,712,382,268,246,454,162,517,162,958,322,1134,550,424,160,767,279,1013,301,879,447,22,4,4,True
111,52.8,6,12.4,8,0.488,0.425,0.332,542,0.705,0.23399999999999999,3,8.3,101.0,27.7,52.1,9.0,0.47700000000000004,0.42,0.348,0.7070000000000001,0.24600000000000002,92.7,30.0,1814,9.6,0.34299999999999997,0.336,51.8,0.515,21.6,0.46299999999999997,69.9,1976,9.85,13.2,4.07,0.374,0.341,48.2,0.523,15.6,0.475,0.607,1,VIRGINIA-COMMONWEALTH,VIRGINIA-COMMONWEALTH,366,4,123,atlantic-10,7,671,1632,693,382,28,13,11,1120,Virginia Commonwealth,284,330,92,740,1511,634,526,372,287,485,188,518,174,1027,485,993,460,514,259,610,208,955,348,1022,485,17,3,3,True
112,59.2,5,9.2,11,0.506,0.424,0.23800000000000002,395,0.711,0.16899999999999998,6,5.2,102.9,22.0,53.3,10.8,0.483,0.415,0.258,0.6809999999999999,0.17600000000000002,97.7,24.9,1860,5.8,0.426,0.32,51.5,0.509,15.5,0.486,66.2,1960,8.76,8.6,5.19,0.465,0.354,48.5,0.531,12.7,0.485,0.536,2,VIRGINIA-TECH,VIRGINIA-TECH,416,3,86,acc,6,749,1659,703,281,28,11,13,1150,Virginia Tech,220,360,96,780,1628,676,420,286,249,406,111,694,222,1029,334,934,454,409,163,772,273,969,269,887,430,15,4,4,True
113,55.5,4,15.8,5,0.47200000000000003,0.415,0.268,367,0.7140000000000001,0.191,3,8.1,94.4,26.9,47.7,7.9,0.435,0.37200000000000005,0.223,0.684,0.152,86.3,23.3,1423,11.1,0.42700000000000005,0.294,47.1,0.462,17.1,0.43,60.2,1556,11.6,8.7,6.67,0.38,0.303,52.9,0.504,17.7,0.483,0.741,2,VIRGINIA,VIRGINIA,315,6,126,acc,12,700,1370,568,262,27,12,7,1095,Virginia,224,247,67,609,1392,518,310,212,213,375,183,595,175,822,318,797,343,363,143,521,158,924,331,849,410,20,3,4,False
114,50.6,9,7.6,12,0.483,0.42700000000000005,0.42700000000000005,656,0.7440000000000001,0.318,5,-0.9,101.3,28.5,49.3,9.9,0.48700000000000004,0.429,0.363,0.7040000000000001,0.255,102.2,26.2,1990,10.3,0.36,0.325,48.3,0.525,14.0,0.48700000000000004,70.8,1973,7.48,7.0,8.11,0.33,0.341,51.7,0.534,17.3,0.469,0.444,2,WAKE-FOREST,WAKE-FOREST,332,1,79,acc,5,751,1537,656,488,27,8,15,1100,Wake Forest,277,342,102,695,1618,694,587,413,267,565,200,582,189,962,309,1036,505,526,137,507,173,1028,386,1030,483,12,2,1,False
115,48.0,7,6.6,10,0.457,0.395,0.292,503,0.728,0.213,5,0.9,97.6,27.4,44.5,9.6,0.504,0.45299999999999996,0.305,0.6859999999999999,0.209,96.7,25.3,1921,7.3,0.317,0.322,50.8,0.532,19.0,0.514,70.3,1939,4.39,9.5,3.75,0.397,0.308,49.2,0.494,14.1,0.45299999999999996,0.5,2,WASHINGTON-STATE,WASHINGTON-STATE,327,1,71,pac-12,5,706,1722,681,366,28,11,14,1130,Washington State,303,318,100,801,1578,715,481,330,239,511,146,500,161,1040,425,1078,554,478,189,684,211,1009,323,1038,470,14,1,2,False
116,52.1,7,16.8,12,0.505,0.441,0.37,568,0.713,0.264,6,6.7,99.4,27.2,59.9,5.7,0.435,0.377,0.3,0.7090000000000001,0.213,92.7,32.0,1825,9.6,0.379,0.304,50.4,0.474,16.4,0.42200000000000004,69.7,1956,12.17,9.9,7.49,0.387,0.331,49.6,0.542,18.8,0.51,0.46399999999999997,2,WASHINGTON,WASHINGTON,353,1,176,pac-12,3,741,1536,677,405,28,10,15,1130,Washington,244,381,54,654,1686,636,506,359,348,516,189,639,194,1002,377,1047,442,478,195,595,197,985,419,941,480,13,3,2,False
117,49.8,8,10.7,8,0.467,0.424,0.40399999999999997,666,0.637,0.257,1,12.2,100.4,39.8,47.8,7.9,0.43700000000000006,0.384,0.376,0.713,0.268,88.2,27.7,1727,10.7,0.373,0.284,44.5,0.485,20.0,0.444,69.6,1964,18.69,11.1,10.22,0.298,0.289,55.5,0.499,17.4,0.48100000000000004,0.679,2,WEST-VIRGINIA,WEST-VIRGINIA,348,3,101,big-12,7,712,1650,699,424,28,13,9,1125,West Virginia,419,278,92,633,1512,581,568,405,273,598,209,564,160,906,445,948,421,519,218,491,142,1131,413,1159,557,19,3,1,False
118,57.7,4,10.3,6,0.47,0.40700000000000003,0.34700000000000003,594,0.695,0.24100000000000002,2,11.6,100.7,31.7,45.8,10.7,0.442,0.391,0.39399999999999996,0.6990000000000001,0.275,89.1,24.5,1790,8.9,0.34700000000000003,0.297,47.1,0.488,18.5,0.44,71.1,2022,13.47,10.1,5.18,0.384,0.324,52.9,0.507,15.2,0.45899999999999996,0.75,1,WICHITA-STATE,WICHITA-STATE,403,4,104,aac,9,758,1713,698,413,28,16,7,1130,Wichita State,339,276,113,730,1544,603,608,425,246,536,178,536,159,976,415,1008,444,528,203,657,213,1097,359,1056,485,21,3,4,False
119,51.7,6,9.6,6,0.506,0.428,0.26899999999999996,416,0.769,0.207,1,7.4,104.1,24.4,47.9,9.6,0.47,0.415,0.247,0.6970000000000001,0.172,96.7,25.9,1754,8.0,0.32899999999999996,0.337,50.3,0.498,15.0,0.45299999999999996,64.5,1888,15.57,6.9,10.78,0.44799999999999995,0.35200000000000004,49.7,0.541,14.1,0.489,0.643,2,WISCONSIN,WISCONSIN,342,5,102,big-ten,11,715,1548,662,320,28,13,10,1125,Wisconsin,228,313,82,705,1577,654,389,271,250,467,145,519,175,955,312,1058,479,427,125,693,244,943,286,855,418,18,4,3,False
120,50.9,7,6.3,15,0.48,0.41,0.305,459,0.725,0.221,13,-11.8,90.2,14.4,49.0,8.5,0.502,0.434,0.348,0.69,0.24,102.0,28.3,2011,9.2,0.418,0.324,56.5,0.534,16.6,0.513,67.1,1779,-4.31,7.8,4.47,0.46,0.306,43.5,0.516,18.1,0.498,0.24100000000000002,1,WYOMING,WYOMING,314,3,59,mwc,2,709,1506,617,333,29,4,22,1175,Wyoming,138,344,69,820,1617,702,562,388,280,509,182,676,219,1100,375,941,483,542,154,693,212,847,380,813,405,7,1,2,False
121,56.3,5,9.9,8,0.488,0.433,0.308,519,0.655,0.20199999999999999,4,5.4,100.0,31.7,50.1,8.9,0.455,0.402,0.289,0.721,0.20800000000000002,94.6,27.1,1876,9.8,0.364,0.293,47.5,0.49200000000000005,16.0,0.46399999999999997,69.3,1983,12.94,8.3,9.11,0.34700000000000003,0.313,52.5,0.514,16.6,0.498,0.643,1,XAVIER,XAVIER,411,4,106,big-east,7,773,1684,730,340,28,12,10,1145,Xavier,330,338,98,710,1677,674,484,349,288,505,195,610,179,998,362,1067,495,473,165,585,183,1103,385,1099,547,18,3,4,False
